	lang	avg_score
0	iw	0.00037789713505512955
1	sv	0.006407182238977486
2	de	0.0
3	ja	0.00020986348061741668
4	nl	0.0
5	vi	0.0009210508988566718
6	pl	0.03876212217718854
7	zh-TW	0.0
8	en	6.17426548189233e-05
9	uk	0.030975035612293787
10	zh	0.0
11	es	0.0018597367021118256
12	ca	0.021146296037880007
13	it	0.03681649012574015
14	ru	0.04192558544117033
15	pt	0.02124132442553696
16	cs	0.021559880182808137
17	fr	0.0005481106171867161
18	ar	0.0016070097918352822
19	hu	4.1842232173009825e-06
